{
  "jaccard_similarity": {
    "mean": 0.38666666666666666,
    "median": 0.375,
    "std_dev": 0.2818391976523729,
    "min": 0.0,
    "max": 0.8,
    "scores": [
      0.25,
      0.0,
      0.5,
      0.6666666666666666,
      0.8,
      0.0,
      0.2,
      0.2,
      0.5,
      0.75
    ]
  },
  "theme_distribution": {
    "mapping1": {
      "Theme E": 3,
      "Theme B": 4,
      "Theme G": 5,
      "Theme J": 5,
      "Theme F": 2,
      "Theme C": 2,
      "Theme A": 3,
      "Theme I": 1,
      "Theme H": 1,
      "Theme D": 2
    },
    "mapping2": {
      "Theme E": 3,
      "Theme C": 2,
      "Theme I": 5,
      "Theme B": 4,
      "Theme H": 5,
      "Theme F": 3,
      "Theme J": 2,
      "Theme A": 5,
      "Theme G": 1,
      "Theme D": 1
    }
  },
  "response_agreement": {
    "percentage": 0.0,
    "count": 0
  },
  "theme_changes": {
    "additions": 15,
    "removals": 12,
    "replacements": 7
  },
  "cohen_kappa": {
    "mean": 0.40177029111239637,
    "scores": {
      "Theme B": 0.16666666666666663,
      "Theme J": 0.4,
      "Theme I": 0.19999999999999996,
      "Theme F": 0.736842105263158,
      "Theme A": 0.6,
      "Theme H": 0.19999999999999996,
      "Theme G": 0.19999999999999996,
      "Theme D": 0.6153846153846154,
      "Theme C": 0.375,
      "Theme E": 0.5238095238095238
    }
  }
}