{
  "jaccard_similarity": {
    "mean": 0.5833333333333334,
    "median": 0.6,
    "std_dev": 0.24152294576982397,
    "min": 0.25,
    "max": 1.0,
    "scores": [
      0.75,
      0.3333333333333333,
      0.3333333333333333,
      1.0,
      0.6666666666666666,
      0.6666666666666666,
      0.5,
      0.25,
      0.5,
      0.6666666666666666
    ]
  },
  "theme_distribution": {
    "mapping1": {
      "Theme A": 3,
      "Theme B": 2,
      "Theme C": 3,
      "Theme D": 3,
      "Theme E": 2,
      "Theme F": 2,
      "Theme G": 3,
      "Theme H": 2,
      "Theme I": 3,
      "Theme J": 2
    },
    "mapping2": {
      "Theme A": 3,
      "Theme B": 2,
      "Theme C": 4,
      "Theme D": 2,
      "Theme E": 3,
      "Theme F": 3,
      "Theme G": 2,
      "Theme H": 2,
      "Theme I": 1,
      "Theme J": 1
    }
  },
  "response_agreement": {
    "percentage": 10.0,
    "count": 1
  },
  "theme_changes": {
    "additions": 5,
    "removals": 7,
    "replacements": 3
  },
  "cohen_kappa": {
    "mean": 0.5123456789012345,
    "scores": {
      "Theme A": 0.7777777777777778,
      "Theme B": 0.5555555555555556,
      "Theme C": 0.6666666666666666,
      "Theme D": 0.5555555555555556,
      "Theme E": 0.6666666666666666,
      "Theme F": 0.6666666666666666,
      "Theme G": 0.5555555555555556,
      "Theme H": 0.5555555555555556,
      "Theme I": 0.0,
      "Theme J": 0.3333333333333333
    }
  }
}
